Junta municipal,Capital Asunción,24,1,11,4,3,2,2,1,1,0,0,0,0,0,0,0,0,0,0
Junta municipal,Capital Asunción,24,2,11,4,3,2,2,1,1,0,0,0,0,0,0,0,0,0
Junta municipal,Capital Asunción,24,3,11,4,3,2,2,1,1,0,0,0,0,0,0,0,0
Junta municipal,Capital Asunción,24,4,11,4,3,2,2,1,1,0,0,0,0,0,0,0
Junta municipal,Capital Asunción,24,5,11,4,3,2,2,1,1,0,0,0,0,0,0
Junta municipal,Capital Asunción,24,6,11,3,3,2,2,1,1,0,0,0,0,1
Junta municipal,Capital Asunción,24,7,11,3,2,2,2,1,1,0,0,0,2
Junta municipal,Capital Asunción,24,8,11,3,2,2,2,1,1,0,0,2
Junta municipal,Capital Asunción,24,9,10,3,2,2,2,1,1,0,3
Junta municipal,Capital Asunción,24,10,10,3,2,2,2,1,0,4
Junta municipal,Capital Asunción,24,11,9,3,2,2,2,1,5
Junta municipal,Capital Asunción,24,12,9,3,2,2,2,6
Junta municipal,Capital Asunción,24,13,9,3,2,2,8
Junta municipal,Capital Asunción,24,14,9,3,2,10
Junta municipal,Capital Asunción,24,15,9,3,12
Junta municipal,Capital Asunción,24,16,9,15
Junta municipal,Concepción Concepción,12,1,7,5,0,0,0,0,0
Junta municipal,Concepción Concepción,12,2,7,5,0,0,0,0
Junta municipal,Concepción Concepción,12,3,7,5,0,0,0
Junta municipal,Concepción Concepción,12,4,7,5,0,0
Junta municipal,Concepción Concepción,12,5,6,5,1
Junta municipal,Concepción Concepción,12,6,6,6
Junta municipal,Concepción Belén,9,1,4,4,1
Junta municipal,Concepción Belén,9,2,4,5
Junta municipal,Concepción Azotey,9,1,5,4,0,0
Junta municipal,Concepción Azotey,9,2,5,3,1
Junta municipal,Concepción Azotey,9,3,4,5
Junta municipal,Concepción Horqueta,12,1,6,4,1,1,0
Junta municipal,Concepción Horqueta,12,2,6,4,1,1
Junta municipal,Concepción Horqueta,12,3,5,4,3
Junta municipal,Concepción Horqueta,12,4,5,7
Junta municipal,Concepción Sgto José Félix López,9,1,5,2,2
Junta municipal,Concepción Sgto José Félix López,9,2,5,4
Junta municipal,Concepción Loreto,9,1,5,4,0
Junta municipal,Concepción Loreto,9,2,4,5
Junta municipal,Concepción San Carlos del Apa,9,1,4,3,1,1
Junta municipal,Concepción San Carlos del Apa,9,2,3,3,3
Junta municipal,Concepción San Carlos del Apa,9,3,3,6
Junta municipal,Concepción San Lázaro,9,1,5,3,1,0,0
Junta municipal,Concepción San Lázaro,9,2,5,2,1,1
Junta municipal,Concepción San Lázaro,9,3,5,2,2
Junta municipal,Concepción San Lázaro,9,4,5,4
Junta municipal,Concepción San Alfredo,9,1,4,4,1
Junta municipal,Concepción San Alfredo,9,2,4,5
Junta municipal,Concepción Yby Yaú,12,1,6,4,1,1
Junta municipal,Concepción Yby Yaú,12,2,5,4,3
Junta municipal,Concepción Yby Yaú,12,3,5,7
Junta municipal,Concepción Paso Barreto,9,1,5,4,0
Junta municipal,Concepción Paso Barreto,9,2,5,4
Junta municipal,San Pedro San Pedro del Ycuamandyyú,12,1,7,4,1,0,0
Junta municipal,San Pedro San Pedro del Ycuamandyyú,12,2,6,4,1,1
Junta municipal,San Pedro San Pedro del Ycuamandyyú,12,3,6,4,2
Junta municipal,San Pedro San Pedro del Ycuamandyyú,12,4,6,6
Junta municipal,San Pedro 25 de Diciembre,9,1,4,3,2,0,0
Junta municipal,San Pedro 25 de Diciembre,9,2,3,3,2,1
Junta municipal,San Pedro 25 de Diciembre,9,3,3,3,3
Junta municipal,San Pedro 25 de Diciembre,9,4,3,6
Junta municipal,San Pedro Antequera,9,1,5,4,0
Junta municipal,San Pedro Antequera,9,2,4,5
Junta municipal,San Pedro Capiivary,9,1,4,4,1,0,0,0
Junta municipal,San Pedro Capiivary,9,2,4,4,1,0,0
Junta municipal,San Pedro Capiivary,9,3,4,3,1,1
Junta municipal,San Pedro Capiivary,9,4,4,3,2
Junta municipal,San Pedro Capiivary,9,5,3,6
Junta municipal,San Pedro Choré,12,1,5,3,3,1,0,0
Junta municipal,San Pedro Choré,12,2,5,3,3,1,0
Junta municipal,San Pedro Choré,12,3,5,3,3,1
Junta municipal,San Pedro Choré,12,4,5,3,4
Junta municipal,San Pedro Choré,12,5,5,7
Junta municipal,San Pedro Gral Elizardo Aquino,12,1,7,2,1,1,1
Junta municipal,San Pedro Gral Elizardo Aquino,12,2,7,2,1,2
Junta municipal,San Pedro Gral Elizardo Aquino,12,3,6,2,4
Junta municipal,San Pedro Gral Elizardo Aquino,12,4,6,6
Junta municipal,San Pedro Gral F Resquin,12,1,5,5,2,0
Junta municipal,San Pedro Gral F Resquin,12,2,5,5,2
Junta municipal,San Pedro Gral F Resquin,12,3,5,7
Junta municipal,San Pedro Guajayvi,9,1,5,4,0,0,0,0
Junta municipal,San Pedro Guajayvi,9,2,5,4,0,0,0
Junta municipal,San Pedro Guajayvi,9,3,5,4,0,0
Junta municipal,San Pedro Guajayvi,9,4,5,4,0
Junta municipal,San Pedro Guajayvi,9,5,4,5
Junta municipal,San Pedro Itacurubi del Rosario,9,1,7,1,1
Junta municipal,San Pedro Itacurubi del Rosario,9,2,6,3
Junta municipal,San Pedro Liberacion,9,1,5,4,0,0
Junta municipal,San Pedro Liberacion,9,2,5,4,0
Junta municipal,San Pedro Liberacion,9,3,4,5
Junta municipal,San Pedro Lima,9,1,4,2,2,1,0
Junta municipal,San Pedro Lima,9,2,4,2,2,1
Junta municipal,San Pedro Lima,9,3,4,2,3
Junta municipal,San Pedro Lima,9,4,4,5
Junta municipal,San Pedro Nueva Germania,9,1,6,2,1
Junta municipal,San Pedro Nueva Germania,9,2,6,3
Junta municipal,San Pedro San Estanislao,12,1,7,3,1,1,0,0
Junta municipal,San Pedro San Estanislao,12,2,7,3,1,1,0
Junta municipal,San Pedro San Estanislao,12,3,6,3,1,2
Junta municipal,San Pedro San Estanislao,12,4,6,3,3
Junta municipal,San Pedro San Estanislao,12,5,6,6
Junta municipal,San Pedro San Pablo,9,1,3,3,1,1,1,0
Junta municipal,San Pedro San Pablo,9,2,3,3,1,1,1
Junta municipal,San Pedro San Pablo,9,3,3,3,1,2
Junta municipal,San Pedro San Pablo,9,4,3,2,4
Junta municipal,San Pedro San Pablo,9,5,3,6
Junta municipal,San Pedro Santa Rosa del Aguaray,12,1,6,5,1,0,0,0
Junta municipal,San Pedro Santa Rosa del Aguaray,12,2,6,5,1,0,0
Junta municipal,San Pedro Santa Rosa del Aguaray,12,3,6,4,1,1
Junta municipal,San Pedro Santa Rosa del Aguaray,12,4,6,4,2
Junta municipal,San Pedro Santa Rosa del Aguaray,12,5,6,6
Junta municipal,San Pedro Tacuati,9,1,5,2,1,1
Junta municipal,San Pedro Tacuati,9,2,5,2,2
Junta municipal,San Pedro Tacuati,9,3,5,4
Junta municipal,San Pedro Union,9,1,5,4,0,0
Junta municipal,San Pedro Union,9,2,5,4,0
Junta municipal,San Pedro Union,9,3,5,4
Junta municipal,San Pedro Villa del Rosario,9,1,6,2,1,0,0
Junta municipal,San Pedro Villa del Rosario,9,2,6,2,0,1
Junta municipal,San Pedro Villa del Rosario,9,3,5,2,2
Junta municipal,San Pedro Villa del Rosario,9,4,5,4
Junta municipal,San Pedro Yataity del Norte,9,1,5,4,0,0
Junta municipal,San Pedro Yataity del Norte,9,2,5,3,1
Junta municipal,San Pedro Yataity del Norte,9,3,5,4
Junta municipal,San Pedro Yrybucua,9,1,5,4,0,0
Junta municipal,San Pedro Yrybucua,9,2,5,3,1
Junta municipal,San Pedro Yrybucua,9,3,5,4
Junta municipal,Cordillera Caacupé,12,1,6,6,0,0,0,0
Junta municipal,Cordillera Caacupé,12,2,6,6,0,0,0
Junta municipal,Cordillera Caacupé,12,3,6,5,0,1
Junta municipal,Cordillera Caacupé,12,4,6,5,1
Junta municipal,Cordillera Caacupé,12,5,6,6
Junta municipal,Cordillera 1ro de Marzo,9,1,4,3,2,0
Junta municipal,Cordillera 1ro de Marzo,9,2,4,3,2
Junta municipal,Cordillera 1ro de Marzo,9,3,4,5
Junta municipal,Cordillera Altos,9,1,5,4,0,0
Junta municipal,Cordillera Altos,9,2,5,3,1
Junta municipal,Cordillera Altos,9,3,5,4
Junta municipal,Cordillera Arroyos y Esteros,12,1,8,4,0
Junta municipal,Cordillera Arroyos y Esteros,12,2,8,4
Junta municipal,Cordillera Atyrá,9,1,5,4,0,0,0
Junta municipal,Cordillera Atyrá,9,2,5,4,0,0
Junta municipal,Cordillera Atyrá,9,3,5,4,0
Junta municipal,Cordillera Atyrá,9,4,4,5
Junta municipal,Cordillera Caraguatay,12,1,7,4,1
Junta municipal,Cordillera Caraguatay,12,2,7,5
Junta municipal,Cordillera Emboscada,9,1,5,4,0,0,0
Junta municipal,Cordillera Emboscada,9,2,5,4,0,0
Junta municipal,Cordillera Emboscada,9,3,4,4,1
Junta municipal,Cordillera Emboscada,9,4,4,5
Junta municipal,Cordillera Eusebio Ayala,12,1,7,3,1,1,0
Junta municipal,Cordillera Eusebio Ayala,12,2,7,3,1,1
Junta municipal,Cordillera Eusebio Ayala,12,3,6,3,3
Junta municipal,Cordillera Eusebio Ayala,12,4,6,6
Junta municipal,Cordillera Isla Pucú,9,1,4,4,1,0
Junta municipal,Cordillera Isla Pucú,9,2,4,4,1
Junta municipal,Cordillera Isla Pucú,9,3,4,5
Junta municipal,Cordillera Itacurubi de la Cordillera,9,1,4,4,1,0
Junta municipal,Cordillera Itacurubi de la Cordillera,9,2,4,3,2
Junta municipal,Cordillera Itacurubi de la Cordillera,9,3,4,5
Junta municipal,Cordillera Juan de Mena,9,1,4,3,1,1,0
Junta municipal,Cordillera Juan de Mena,9,2,4,3,1,1
Junta municipal,Cordillera Juan de Mena,9,3,4,3,2
Junta municipal,Cordillera Juan de Mena,9,4,4,5
Junta municipal,Cordillera Loma Grande,9,1,5,4
Junta municipal,Cordillera Mbocayaty del Yhaguy,9,1,6,3
Junta municipal,Cordillera Nueva Colombia,9,1,5,4,0
Junta municipal,Cordillera Nueva Colombia,9,2,4,5
Junta municipal,Cordillera Piribebuy,12,1,6,5,1,0,0
Junta municipal,Cordillera Piribebuy,12,2,6,5,1,0
Junta municipal,Cordillera Piribebuy,12,3,6,5,1
Junta municipal,Cordillera Piribebuy,12,4,5,7
Junta municipal,Cordillera San Bernardino,12,1,5,4,1,1,1,0
Junta municipal,Cordillera San Bernardino,12,2,5,4,1,1,1
Junta municipal,Cordillera San Bernardino,12,3,4,4,1,3
Junta municipal,Cordillera San Bernardino,12,4,4,4,4
Junta municipal,Cordillera San Bernardino,12,5,4,8
Junta municipal,Cordillera San José Obrero,9,1,5,4,0
Junta municipal,Cordillera San José Obrero,9,2,5,4
Junta municipal,Cordillera Santa Elena,9,1,5,2,1,1,0
Junta municipal,Cordillera Santa Elena,9,2,5,2,1,1
Junta municipal,Cordillera Santa Elena,9,3,5,2,2
Junta municipal,Cordillera Santa Elena,9,4,4,5
Junta municipal,Cordillera Tobatí,12,1,6,5,1,0,0
Junta municipal,Cordillera Tobatí,12,2,6,5,1,0
Junta municipal,Cordillera Tobatí,12,3,6,5,1
Junta municipal,Cordillera Tobatí,12,4,6,6
Junta municipal,Cordillera Valenzuela,9,1,4,4,1,0
Junta municipal,Cordillera Valenzuela,9,2,4,4,1
Junta municipal,Cordillera Valenzuela,9,3,4,5
Junta municipal,Guairá Villarrica,12,1,7,5,0,0,0,0
Junta municipal,Guairá Villarrica,12,2,7,5,0,0,0
Junta municipal,Guairá Villarrica,12,3,7,5,0,0
Junta municipal,Guairá Villarrica,12,4,6,5,1
Junta municipal,Guairá Villarrica,12,5,6,6
Junta municipal,Guairá Borja,9,1,7,2
Junta municipal,Guairá Cap Mauricio José Troche,9,1,4,2,1,1,1,0
Junta municipal,Guairá Cap Mauricio José Troche,9,2,4,2,1,1,1
Junta municipal,Guairá Cap Mauricio José Troche,9,3,4,2,1,2
Junta municipal,Guairá Cap Mauricio José Troche,9,4,4,1,4
Junta municipal,Guairá Cap Mauricio José Troche,9,5,4,5
Junta municipal,Guairá Coronel Martínez,9,1,4,3,2,0
Junta municipal,Guairá Coronel Martínez,9,2,4,3,2
Junta municipal,Guairá Coronel Martínez,9,3,3,6
Junta municipal,Guairá Dr Botrell,9,1,5,2,1,1,0,0
Junta municipal,Guairá Dr Botrell,9,2,5,1,1,1,1
Junta municipal,Guairá Dr Botrell,9,3,5,1,1,2
Junta municipal,Guairá Dr Botrell,9,4,4,1,4
Junta municipal,Guairá Dr Botrell,9,5,4,5
Junta municipal,Guairá Félix Pérez Cardozo,9,1,7,2
Junta municipal,Guairá Gral E A Garay,9,1,5,4,0
Junta municipal,Guairá Gral E A Garay,9,2,4,5
Junta municipal,Guairá Independencia,9,1,6,2,1,0,0,0,0,0
Junta municipal,Guairá Independencia,9,2,6,2,1,0,0,0,0
Junta municipal,Guairá Independencia,9,3,6,2,1,0,0,0
Junta municipal,Guairá Independencia,9,4,5,2,1,0,1
Junta municipal,Guairá Independencia,9,5,5,2,1,1
Junta municipal,Guairá Independencia,9,6,4,2,3
Junta municipal,Guairá Independencia,9,7,4,5
Junta municipal,Guairá Itape,9,1,4,3,2,0
Junta municipal,Guairá Itape,9,2,4,3,2
Junta municipal,Guairá Itape,9,3,4,5
Junta municipal,Guairá Iturbe,9,1,4,4,1,0,0
Junta municipal,Guairá Iturbe,9,2,4,4,0,1
Junta municipal,Guairá Iturbe,9,3,4,3,2
Junta municipal,Guairá Iturbe,9,4,4,5
Junta municipal,Guairá José A Fassardi,9,1,4,3,1,1,0,0
Junta municipal,Guairá José A Fassardi,9,2,4,3,1,0,1
Junta municipal,Guairá José A Fassardi,9,3,4,3,1,1
Junta municipal,Guairá José A Fassardi,9,4,3,3,3
Junta municipal,Guairá José A Fassardi,9,5,3,6
Junta municipal,Guairá Mbocayaty del Guairá,9,1,7,1,1,0,0
Junta municipal,Guairá Mbocayaty del Guairá,9,2,7,1,1,0
Junta municipal,Guairá Mbocayaty del Guairá,9,3,6,1,2
Junta municipal,Guairá Mbocayaty del Guairá,9,4,6,3
Junta municipal,Guairá Natalicio Talavera,9,1,5,3,1,0
Junta municipal,Guairá Natalicio Talavera,9,2,4,3,2
Junta municipal,Guairá Natalicio Talavera,9,3,4,5
Junta municipal,Guairá Ñumí,9,1,5,4
Junta municipal,Guairá Paso Yobái,9,1,5,2,1,1,0,0
Junta municipal,Guairá Paso Yobái,9,2,5,2,1,0,1
Junta municipal,Guairá Paso Yobái,9,3,5,2,1,1
Junta municipal,Guairá Paso Yobái,9,4,4,2,3
Junta municipal,Guairá Paso Yobái,9,5,4,5
Junta municipal,Guairá San Salvador,9,1,5,4,0
Junta municipal,Guairá San Salvador,9,2,5,4
Junta municipal,Guairá Tebicuary,9,1,4,3,1,1,0
Junta municipal,Guairá Tebicuary,9,2,4,3,1,1
Junta municipal,Guairá Tebicuary,9,3,4,3,2
Junta municipal,Guairá Tebicuary,9,4,4,5
Junta municipal,Guairá Yataity del Guairá,9,1,5,4,0,0,0
Junta municipal,Guairá Yataity del Guairá,9,2,5,4,0,0
Junta municipal,Guairá Yataity del Guairá,9,3,5,4,0
Junta municipal,Guairá Yataity del Guairá,9,4,5,4
Junta municipal,Caaguazú Coronel Oviedo,12,1,7,5,0,0,0
Junta municipal,Caaguazú Coronel Oviedo,12,2,7,5,0,0
Junta municipal,Caaguazú Coronel Oviedo,12,3,6,5,1
Junta municipal,Caaguazú Coronel Oviedo,12,4,6,6
Junta municipal,Caaguazú 3 de Febrero,9,1,5,4
Junta municipal,Caaguazú Caaguazú,12,1,6,5,1,0,0,0,0,0,0,0
Junta municipal,Caaguazú Caaguazú,12,2,6,5,1,0,0,0,0,0,0
Junta municipal,Caaguazú Caaguazú,12,3,5,5,1,0,0,0,0,1
Junta municipal,Caaguazú Caaguazú,12,4,5,5,1,0,0,0,1
Junta municipal,Caaguazú Caaguazú,12,5,5,5,1,0,0,1
Junta municipal,Caaguazú Caaguazú,12,6,5,4,1,0,2
Junta municipal,Caaguazú Caaguazú,12,7,5,4,1,2
Junta municipal,Caaguazú Caaguazú,12,8,5,4,3
Junta municipal,Caaguazú Caaguazú,12,9,4,8
Junta municipal,Caaguazú Carayaó,9,1,5,4,0,0,0
Junta municipal,Caaguazú Carayaó,9,2,5,4,0,0
Junta municipal,Caaguazú Carayaó,9,3,4,4,1
Junta municipal,Caaguazú Carayaó,9,4,4,5
Junta municipal,Caaguazú Dr Cecilio Báez,9,1,5,2,2
Junta municipal,Caaguazú Dr Cecilio Báez,9,2,4,5
Junta municipal,Caaguazú Dr J E Estigarribia,12,1,6,4,1,1,0,0
Junta municipal,Caaguazú Dr J E Estigarribia,12,2,6,4,1,1,0
Junta municipal,Caaguazú Dr J E Estigarribia,12,3,6,4,1,1
Junta municipal,Caaguazú Dr J E Estigarribia,12,4,6,4,2
Junta municipal,Caaguazú Dr J E Estigarribia,12,5,5,7
Junta municipal,Caaguazú Dr Juan M Frutos,12,1,6,5,1,0,0,0
Junta municipal,Caaguazú Dr Juan M Frutos,12,2,6,5,1,0,0
Junta municipal,Caaguazú Dr Juan M Frutos,12,3,5,5,1,1
Junta municipal,Caaguazú Dr Juan M Frutos,12,4,5,5,2
Junta municipal,Caaguazú Dr Juan M Frutos,12,5,5,7
Junta municipal,Caaguazú José Domingo Ocampos,9,1,6,1,1,1
Junta municipal,Caaguazú José Domingo Ocampos,9,2,6,1,2
Junta municipal,Caaguazú José Domingo Ocampos,9,3,6,3
Junta municipal,Caaguazú La Pastora,9,1,6,3
Junta municipal,Caaguazú Francisco Solano López,9,1,6,2,1
Junta municipal,Caaguazú Francisco Solano López,9,2,5,4
Junta municipal,Caaguazú Nueva Londres,9,1,4,4,1,0,0
Junta municipal,Caaguazú Nueva Londres,9,2,4,4,1,0
Junta municipal,Caaguazú Nueva Londres,9,3,4,4,1
Junta municipal,Caaguazú Nueva Londres,9,4,4,5
Junta municipal,Caaguazú Nueva Toledo,9,1,6,2,1
Junta municipal,Caaguazú Nueva Toledo,9,2,5,4
Junta municipal,Caaguazú RI 3 Corrales,9,1,5,4
Junta municipal,Caaguazú Raúl Arsenio Oviedo,9,1,5,4,0,0
Junta municipal,Caaguazú Raúl Arsenio Oviedo,9,2,5,4,0
Junta municipal,Caaguazú Raúl Arsenio Oviedo,9,3,5,4
Junta municipal,Caaguazú Repatriación,12,1,7,3,2,0
Junta municipal,Caaguazú Repatriación,12,2,7,3,2
Junta municipal,Caaguazú Repatriación,12,3,6,6
Junta municipal,Caaguazú San Joaquín,9,1,5,4,0
Junta municipal,Caaguazú San Joaquín,9,2,5,4
Junta municipal,Caaguazú San José de los Arroyos,9,1,7,1,1,0
Junta municipal,Caaguazú San José de los Arroyos,9,2,7,1,1
Junta municipal,Caaguazú San José de los Arroyos,9,3,6,3
Junta municipal,Caaguazú Santa Rosa del Mbutuy,9,1,5,4,0
Junta municipal,Caaguazú Santa Rosa del Mbutuy,9,2,5,4
Junta municipal,Caaguazú Simón Bolívar,9,1,5,3,1,0
Junta municipal,Caaguazú Simón Bolívar,9,2,5,3,1
Junta municipal,Caaguazú Simón Bolívar,9,3,5,4
Junta municipal,Caaguazú Tembiaporá,9,1,4,3,1,1,0
Junta municipal,Caaguazú Tembiaporá,9,2,4,3,1,1
Junta municipal,Caaguazú Tembiaporá,9,3,4,3,2
Junta municipal,Caaguazú Tembiaporá,9,4,4,5
Junta municipal,Caaguazú Vaquería,9,1,3,3,2,1
Junta municipal,Caaguazú Vaquería,9,2,3,3,3
Junta municipal,Caaguazú Vaquería,9,3,3,6
Junta municipal,Caaguazú Yhú,12,1,6,6
Junta municipal,Caazapá Caazapá,12,1,8,2,1,1,0,0,0,0
Junta municipal,Caazapá Caazapá,12,2,8,2,1,1,0,0,0
Junta municipal,Caazapá Caazapá,12,3,8,2,1,1,0,0
Junta municipal,Caazapá Caazapá,12,4,7,2,1,1,1
Junta municipal,Caazapá Caazapá,12,5,7,2,1,2
Junta municipal,Caazapá Caazapá,12,6,7,2,3
Junta municipal,Caazapá Caazapá,12,7,7,5
Junta municipal,Caazapá Abaí,12,1,7,4,1,0,0,0
Junta municipal,Caazapá Abaí,12,2,7,4,0,0,1
Junta municipal,Caazapá Abaí,12,3,7,4,0,1
Junta municipal,Caazapá Abaí,12,4,6,4,2
Junta municipal,Caazapá Abaí,12,5,6,6
Junta municipal,Caazapá 3 de Mayo,9,1,4,4,1,0,0
Junta municipal,Caazapá 3 de Mayo,9,2,4,4,1,0
Junta municipal,Caazapá 3 de Mayo,9,3,4,3,2
Junta municipal,Caazapá 3 de Mayo,9,4,4,5
Junta municipal,Caazapá Buena Vista,9,1,5,4,0
Junta municipal,Caazapá Buena Vista,9,2,4,5
Junta municipal,Caazapá Dr Moisés Bertoni,9,1,8,1
Junta municipal,Caazapá Fulgencio Yegros,9,1,7,2
Junta municipal,Caazapá Gral Morínigo,9,1,5,3,1,0
Junta municipal,Caazapá Gral Morínigo,9,2,5,3,1
Junta municipal,Caazapá Gral Morínigo,9,3,5,4
Junta municipal,Caazapá Maciel,9,1,6,1,1,1,0
Junta municipal,Caazapá Maciel,9,2,6,1,1,1
Junta municipal,Caazapá Maciel,9,3,6,1,2
Junta municipal,Caazapá Maciel,9,4,5,4
Junta municipal,Caazapá San Juan Nepomuceno,12,1,6,5,1,0
Junta municipal,Caazapá San Juan Nepomuceno,12,2,6,5,1
Junta municipal,Caazapá San Juan Nepomuceno,12,3,6,6
Junta municipal,Caazapá Tavaí,9,1,6,2,1
Junta municipal,Caazapá Tavaí,9,2,6,3
Junta municipal,Caazapá Yuty,12,1,6,6,0,0,0
Junta municipal,Caazapá Yuty,12,2,6,6,0,0
Junta municipal,Caazapá Yuty,12,3,6,5,1
Junta municipal,Caazapá Yuty,12,4,6,6
Junta municipal,Itapúa Encarnación,12,1,8,2,2,0,0,0,0,0,0,0,0,0
Junta municipal,Itapúa Encarnación,12,2,8,2,2,0,0,0,0,0,0,0,0
Junta municipal,Itapúa Encarnación,12,3,8,2,2,0,0,0,0,0,0,0
Junta municipal,Itapúa Encarnación,12,4,8,2,2,0,0,0,0,0,0
Junta municipal,Itapúa Encarnación,12,5,8,2,1,0,0,0,0,1
Junta municipal,Itapúa Encarnación,12,6,8,2,1,0,0,0,1
Junta municipal,Itapúa Encarnación,12,7,7,2,1,0,0,2
Junta municipal,Itapúa Encarnación,12,8,7,2,1,0,2
Junta municipal,Itapúa Encarnación,12,9,6,2,1,3
Junta municipal,Itapúa Encarnación,12,10,6,2,4
Junta municipal,Itapúa Encarnación,12,11,6,6
Junta municipal,Itapúa Alto Vera,12,1,8,3,1
Junta municipal,Itapúa Alto Vera,12,2,7,5
Junta municipal,Itapúa Bella Vista,12,1,8,2,2,0
Junta municipal,Itapúa Bella Vista,12,2,8,2,2
Junta municipal,Itapúa Bella Vista,12,3,7,5
Junta municipal,Itapúa Cambyreta,12,1,6,6,0,0,0,0
Junta municipal,Itapúa Cambyreta,12,2,6,6,0,0,0
Junta municipal,Itapúa Cambyreta,12,3,6,6,0,0
Junta municipal,Itapúa Cambyreta,12,4,6,5,1
Junta municipal,Itapúa Cambyreta,12,5,5,7
Junta municipal,Itapúa Capitán Meza,12,1,9,2,1
Junta municipal,Itapúa Capitán Meza,12,2,8,4
Junta municipal,Itapúa Capitán Miranda,12,1,7,3,2,0
Junta municipal,Itapúa Capitán Miranda,12,2,6,3,3
Junta municipal,Itapúa Capitán Miranda,12,3,6,6
Junta municipal,Itapúa Carlos Antonio López,12,1,6,4,2
Junta municipal,Itapúa Carlos Antonio López,12,2,6,6
Junta municipal,Itapúa Carmen del Paraná,12,1,9,2,1
Junta municipal,Itapúa Carmen del Paraná,12,2,8,4
Junta municipal,Itapúa Coronel Bogado,12,1,6,5,1,0,0,0
Junta municipal,Itapúa Coronel Bogado,12,2,6,5,1,0,0
Junta municipal,Itapúa Coronel Bogado,12,3,5,5,1,1
Junta municipal,Itapúa Coronel Bogado,12,4,5,5,2
Junta municipal,Itapúa Coronel Bogado,12,5,5,7
Junta municipal,Itapúa Edelira,12,1,5,4,2,1,0,0
Junta municipal,Itapúa Edelira,12,2,5,4,2,1,0
Junta municipal,Itapúa Edelira,12,3,4,4,2,2
Junta municipal,Itapúa Edelira,12,4,4,4,4
Junta municipal,Itapúa Edelira,12,5,4,8
Junta municipal,Itapúa Fram,12,1,7,5,0,0,0,0
Junta municipal,Itapúa Fram,12,2,6,5,0,0,1
Junta municipal,Itapúa Fram,12,3,6,5,0,1
Junta municipal,Itapúa Fram,12,4,6,4,2
Junta municipal,Itapúa Fram,12,5,5,7
Junta municipal,Itapúa General Artigas,12,1,7,4,1,0
Junta municipal,Itapúa General Artigas,12,2,7,4,1
Junta municipal,Itapúa General Artigas,12,3,6,6
Junta municipal,Itapúa General Delgado,9,1,5,4,0,0,0
Junta municipal,Itapúa General Delgado,9,2,5,4,0,0
Junta municipal,Itapúa General Delgado,9,3,4,4,1
Junta municipal,Itapúa General Delgado,9,4,4,5
Junta municipal,Itapúa Hohenau,12,1,8,4,0,0,0
Junta municipal,Itapúa Hohenau,12,2,8,4,0,0
Junta municipal,Itapúa Hohenau,12,3,7,4,1
Junta municipal,Itapúa Hohenau,12,4,7,5
Junta municipal,Itapúa Itapua Poty,12,1,5,5,2,0
Junta municipal,Itapúa Itapua Poty,12,2,5,5,2
Junta municipal,Itapúa Itapua Poty,12,3,5,7
Junta municipal,Itapúa Jesús,12,1,6,2,2,2
Junta municipal,Itapúa Jesús,12,2,6,2,4
Junta municipal,Itapúa Jesús,12,3,5,7
Junta municipal,Itapúa José Leandro Oviedo,9,1,5,4,0
Junta municipal,Itapúa José Leandro Oviedo,9,2,5,4
Junta municipal,Itapúa La Paz,9,1,7,2
Junta municipal,Itapúa Mayor Otaño,12,1,8,3,1,0
Junta municipal,Itapúa Mayor Otaño,12,2,7,3,2
Junta municipal,Itapúa Mayor Otaño,12,3,7,5
Junta municipal,Itapúa Natalio,12,1,6,3,2,1,0
Junta municipal,Itapúa Natalio,12,2,6,3,2,1
Junta municipal,Itapúa Natalio,12,3,6,3,3
Junta municipal,Itapúa Natalio,12,4,6,6
Junta municipal,Itapúa Nueva Alborada,12,1,6,6
Junta municipal,Itapúa Obligado,12,1,8,2,1,1
Junta municipal,Itapúa Obligado,12,2,8,1,3
Junta municipal,Itapúa Obligado,12,3,8,4
Junta municipal,Itapúa Pirapo,12,1,5,4,2,1
Junta municipal,Itapúa Pirapo,12,2,5,4,3
Junta municipal,Itapúa Pirapo,12,3,5,7
Junta municipal,Itapúa San Cosme y Damián,9,1,5,4,0,0
Junta municipal,Itapúa San Cosme y Damián,9,2,5,4,0
Junta municipal,Itapúa San Cosme y Damián,9,3,4,5
Junta municipal,Itapúa San Juan del Paraná,12,1,7,5,0,0,0
Junta municipal,Itapúa San Juan del Paraná,12,2,7,5,0,0
Junta municipal,Itapúa San Juan del Paraná,12,3,6,5,1
Junta municipal,Itapúa San Juan del Paraná,12,4,6,6
Junta municipal,Itapúa San Pedro del Paraná,9,1,4,3,2,0
Junta municipal,Itapúa San Pedro del Paraná,9,2,4,3,2
Junta municipal,Itapúa San Pedro del Paraná,9,3,4,5
Junta municipal,Itapúa San Rafael del Paraná,12,1,6,5,1,0
Junta municipal,Itapúa San Rafael del Paraná,12,2,6,5,1
Junta municipal,Itapúa San Rafael del Paraná,12,3,5,7
Junta municipal,Itapúa Tomás Romero Pereira,12,1,6,4,2,0,0,0,0
Junta municipal,Itapúa Tomás Romero Pereira,12,2,6,4,2,0,0,0
Junta municipal,Itapúa Tomás Romero Pereira,12,3,5,4,2,0,1
Junta municipal,Itapúa Tomás Romero Pereira,12,4,5,4,2,1
Junta municipal,Itapúa Tomás Romero Pereira,12,5,5,3,4
Junta municipal,Itapúa Tomás Romero Pereira,12,6,4,8
Junta municipal,Itapúa Trinidad,12,1,9,3,0,0
Junta municipal,Itapúa Trinidad,12,2,9,2,1
Junta municipal,Itapúa Trinidad,12,3,8,4
Junta municipal,Itapúa Yatytay,9,1,4,3,2,0,0,0
Junta municipal,Itapúa Yatytay,9,2,4,3,2,0,0
Junta municipal,Itapúa Yatytay,9,3,4,3,2,0
Junta municipal,Itapúa Yatytay,9,4,4,2,3
Junta municipal,Itapúa Yatytay,9,5,4,5
Junta municipal,Misiones San Juan Bautista,12,1,6,5,1,0
Junta municipal,Misiones San Juan Bautista,12,2,6,5,1
Junta municipal,Misiones San Juan Bautista,12,3,5,7
Junta municipal,Misiones Ayolas,12,1,7,3,1,1,0,0
Junta municipal,Misiones Ayolas,12,2,7,3,1,0,1
Junta municipal,Misiones Ayolas,12,3,7,2,1,2
Junta municipal,Misiones Ayolas,12,4,7,2,3
Junta municipal,Misiones Ayolas,12,5,6,6
Junta municipal,Misiones San Ignacio,12,1,7,4,1,0,0,0
Junta municipal,Misiones San Ignacio,12,2,7,4,1,0,0
Junta municipal,Misiones San Ignacio,12,3,6,4,1,1
Junta municipal,Misiones San Ignacio,12,4,6,4,2
Junta municipal,Misiones San Ignacio,12,5,6,6
Junta municipal,Misiones San Miguel,9,1,6,1,1,1
Junta municipal,Misiones San Miguel,9,2,6,1,2
Junta municipal,Misiones San Miguel,9,3,6,3
Junta municipal,Misiones San Patricio,9,1,5,4
Junta municipal,Misiones Santa María,9,1,6,2,1,0
Junta municipal,Misiones Santa María,9,2,6,2,1
Junta municipal,Misiones Santa María,9,3,5,4
Junta municipal,Misiones Santa Rosa,12,1,6,6,0,0,0,0
Junta municipal,Misiones Santa Rosa,12,2,6,6,0,0,0
Junta municipal,Misiones Santa Rosa,12,3,6,5,0,1
Junta municipal,Misiones Santa Rosa,12,4,5,5,2
Junta municipal,Misiones Santa Rosa,12,5,5,7
Junta municipal,Misiones Santiago,12,1,7,5,0
Junta municipal,Misiones Santiago,12,2,6,6
Junta municipal,Misiones Villa Florida,9,1,5,4,0
Junta municipal,Misiones Villa Florida,9,2,5,4
Junta municipal,Misiones Yavevyry,12,1,7,3,1,1
Junta municipal,Misiones Yavevyry,12,2,7,2,3
Junta municipal,Misiones Yavevyry,12,3,6,6
Junta municipal,Paraguarí Paraguarí,12,1,8,3,1,0,0
Junta municipal,Paraguarí Paraguarí,12,2,8,2,1,1
Junta municipal,Paraguarí Paraguarí,12,3,8,2,2
Junta municipal,Paraguarí Paraguarí,12,4,8,4
Junta municipal,Paraguarí Acahay,9,1,5,4,0,0,0,0,0,0
Junta municipal,Paraguarí Acahay,9,2,5,4,0,0,0,0,0
Junta municipal,Paraguarí Acahay,9,3,5,4,0,0,0,0
Junta municipal,Paraguarí Acahay,9,4,5,4,0,0,0
Junta municipal,Paraguarí Acahay,9,5,5,4,0,0
Junta municipal,Paraguarí Acahay,9,6,4,4,1
Junta municipal,Paraguarí Acahay,9,7,4,5
Junta municipal,Paraguarí Caapucú,12,1,6,4,2,0
Junta municipal,Paraguarí Caapucú,12,2,6,3,3
Junta municipal,Paraguarí Caapucú,12,3,5,7
Junta municipal,Paraguarí Carapeguá,12,1,6,3,1,1,1,0,0
Junta municipal,Paraguarí Carapeguá,12,2,5,3,1,1,1,1
Junta municipal,Paraguarí Carapeguá,12,3,5,3,1,1,2
Junta municipal,Paraguarí Carapeguá,12,4,5,3,1,3
Junta municipal,Paraguarí Carapeguá,12,5,5,3,4
Junta municipal,Paraguarí Carapeguá,12,6,4,8
Junta municipal,Paraguarí Escobar,9,1,6,3,0
Junta municipal,Paraguarí Escobar,9,2,6,3
Junta municipal,Paraguarí Gral Bernardino Caballero,9,1,6,3,0
Junta municipal,Paraguarí Gral Bernardino Caballero,9,2,5,4
Junta municipal,Paraguarí La Colmena,9,1,6,2,1,0
Junta municipal,Paraguarí La Colmena,9,2,6,2,1
Junta municipal,Paraguarí La Colmena,9,3,5,4
Junta municipal,Paraguarí Mbuyapey,9,1,4,3,1,1
Junta municipal,Paraguarí Mbuyapey,9,2,4,3,2
Junta municipal,Paraguarí Mbuyapey,9,3,4,5
Junta municipal,Paraguarí Pirayú,9,1,5,4,0,0
Junta municipal,Paraguarí Pirayú,9,2,5,4,0
Junta municipal,Paraguarí Pirayú,9,3,5,4
Junta municipal,Paraguarí Quiindy,12,1,6,5,1,0,0
Junta municipal,Paraguarí Quiindy,12,2,6,5,1,0
Junta municipal,Paraguarí Quiindy,12,3,6,4,2
Junta municipal,Paraguarí Quiindy,12,4,6,6
Junta municipal,Paraguarí Quyquyho,9,1,6,2,1
Junta municipal,Paraguarí Quyquyho,9,2,6,3
Junta municipal,Paraguarí San Roque González,9,1,6,1,1,1
Junta municipal,Paraguarí San Roque González,9,2,5,1,3
Junta municipal,Paraguarí San Roque González,9,3,5,4
Junta municipal,Paraguarí Sapucái,9,1,7,1,1,0
Junta municipal,Paraguarí Sapucái,9,2,7,1,1
Junta municipal,Paraguarí Sapucái,9,3,6,3
Junta municipal,Paraguarí Tebicuarymi,9,1,5,2,1,1
Junta municipal,Paraguarí Tebicuarymi,9,2,5,2,2
Junta municipal,Paraguarí Tebicuarymi,9,3,5,4
Junta municipal,Paraguarí Yaguarón,12,1,6,5,1,0,0
Junta municipal,Paraguarí Yaguarón,12,2,6,4,1,1
Junta municipal,Paraguarí Yaguarón,12,3,6,4,2
Junta municipal,Paraguarí Yaguarón,12,4,6,6
Junta municipal,Paraguarí Ybycuí,12,1,9,1,1,1
Junta municipal,Paraguarí Ybycuí,12,2,9,1,2
Junta municipal,Paraguarí Ybycuí,12,3,9,3
Junta municipal,Paraguarí Ybytymí,9,1,4,4,1,0
Junta municipal,Paraguarí Ybytymí,9,2,4,3,2
Junta municipal,Paraguarí Ybytymí,9,3,4,5
Junta municipal,Alto Paraná Ciudad del Este,12,1,6,3,1,1,1,0,0,0,0,0,0,0,0,0,0,0,0
Junta municipal,Alto Paraná Ciudad del Este,12,2,6,3,1,1,1,0,0,0,0,0,0,0,0,0,0,0
Junta municipal,Alto Paraná Ciudad del Este,12,3,6,3,1,1,1,0,0,0,0,0,0,0,0,0,0
Junta municipal,Alto Paraná Ciudad del Este,12,4,6,3,1,1,1,0,0,0,0,0,0,0,0,0
Junta municipal,Alto Paraná Ciudad del Este,12,5,6,3,1,1,1,0,0,0,0,0,0,0,0
Junta municipal,Alto Paraná Ciudad del Este,12,6,6,3,1,1,1,0,0,0,0,0,0,0
Junta municipal,Alto Paraná Ciudad del Este,12,7,5,3,1,1,1,0,0,0,0,0,1
Junta municipal,Alto Paraná Ciudad del Este,12,8,5,3,1,1,1,0,0,0,0,1
Junta municipal,Alto Paraná Ciudad del Este,12,9,5,3,1,1,1,0,0,0,1
Junta municipal,Alto Paraná Ciudad del Este,12,10,5,3,1,1,0,0,0,2
Junta municipal,Alto Paraná Ciudad del Este,12,11,5,3,1,1,0,0,2
Junta municipal,Alto Paraná Ciudad del Este,12,12,5,3,1,1,0,2
Junta municipal,Alto Paraná Ciudad del Este,12,13,4,3,1,1,3
Junta municipal,Alto Paraná Ciudad del Este,12,14,4,3,1,4
Junta municipal,Alto Paraná Ciudad del Este,12,15,4,3,5
Junta municipal,Alto Paraná Ciudad del Este,12,16,4,8
Junta municipal,Alto Paraná Dr J L Mallorquín,12,1,6,5,1,0
Junta municipal,Alto Paraná Dr J L Mallorquín,12,2,5,5,2
Junta municipal,Alto Paraná Dr J L Mallorquín,12,3,5,7
Junta municipal,Alto Paraná Dr Raúl Peña,9,1,5,3,1,0,0
Junta municipal,Alto Paraná Dr Raúl Peña,9,2,5,2,1,1
Junta municipal,Alto Paraná Dr Raúl Peña,9,3,5,2,2
Junta municipal,Alto Paraná Dr Raúl Peña,9,4,4,5
Junta municipal,Alto Paraná Domingo Martínez de Irala,9,1,5,4,0,0
Junta municipal,Alto Paraná Domingo Martínez de Irala,9,2,5,4,0
Junta municipal,Alto Paraná Domingo Martínez de Irala,9,3,4,5
Junta municipal,Alto Paraná Hernandarias,12,1,5,4,1,1,1,0,0,0,0,0,0,0,0,0,0,0,0,0,0,0,0,0,0,0,0
Junta municipal,Alto Paraná Hernandarias,12,2,5,4,1,1,1,0,0,0,0,0,0,0,0,0,0,0,0,0,0,0,0,0,0,0
Junta municipal,Alto Paraná Hernandarias,12,3,5,4,1,1,1,0,0,0,0,0,0,0,0,0,0,0,0,0,0,0,0,0,0
Junta municipal,Alto Paraná Hernandarias,12,4,5,4,1,1,1,0,0,0,0,0,0,0,0,0,0,0,0,0,0,0,0,0
Junta municipal,Alto Paraná Hernandarias,12,5,5,4,1,1,1,0,0,0,0,0,0,0,0,0,0,0,0,0,0,0,0
Junta municipal,Alto Paraná Hernandarias,12,6,5,3,1,1,1,0,0,0,0,0,0,0,0,0,0,0,0,0,0,1
Junta municipal,Alto Paraná Hernandarias,12,7,5,3,1,1,1,0,0,0,0,0,0,0,0,0,0,0,0,0,1
Junta municipal,Alto Paraná Hernandarias,12,8,5,3,1,1,0,0,0,0,0,0,0,0,0,0,0,0,0,2
Junta municipal,Alto Paraná Hernandarias,12,9,5,3,1,1,0,0,0,0,0,0,0,0,0,0,0,0,2
Junta municipal,Alto Paraná Hernandarias,12,10,5,3,1,1,0,0,0,0,0,0,0,0,0,0,0,2
Junta municipal,Alto Paraná Hernandarias,12,11,4,3,1,1,0,0,0,0,0,0,0,0,0,0,3
Junta municipal,Alto Paraná Hernandarias,12,12,4,3,1,1,0,0,0,0,0,0,0,0,0,3
Junta municipal,Alto Paraná Hernandarias,12,13,4,3,1,1,0,0,0,0,0,0,0,0,3
Junta municipal,Alto Paraná Hernandarias,12,14,4,3,1,0,0,0,0,0,0,0,0,4
Junta municipal,Alto Paraná Hernandarias,12,15,4,3,1,0,0,0,0,0,0,0,4
Junta municipal,Alto Paraná Hernandarias,12,16,4,3,1,0,0,0,0,0,0,4
Junta municipal,Alto Paraná Hernandarias,12,17,4,2,1,0,0,0,0,0,5
Junta municipal,Alto Paraná Hernandarias,12,18,4,2,1,0,0,0,0,5
Junta municipal,Alto Paraná Hernandarias,12,19,4,2,0,0,0,0,6
Junta municipal,Alto Paraná Hernandarias,12,20,4,2,0,0,0,6
Junta municipal,Alto Paraná Hernandarias,12,21,3,2,0,0,7
Junta municipal,Alto Paraná Hernandarias,12,22,3,2,0,7
Junta municipal,Alto Paraná Hernandarias,12,23,3,2,7
Junta municipal,Alto Paraná Hernandarias,12,24,3,9
Junta municipal,Alto Paraná Iruña,9,1,7,1,1
Junta municipal,Alto Paraná Iruña,9,2,7,2
Junta municipal,Alto Paraná Itakyry,12,1,5,4,2,1,0,0,0,0
Junta municipal,Alto Paraná Itakyry,12,2,5,4,2,1,0,0,0
Junta municipal,Alto Paraná Itakyry,12,3,5,4,2,1,0,0
Junta municipal,Alto Paraná Itakyry,12,4,5,4,2,1,0
Junta municipal,Alto Paraná Itakyry,12,5,5,4,2,1
Junta municipal,Alto Paraná Itakyry,12,6,5,4,3
Junta municipal,Alto Paraná Itakyry,12,7,5,7
Junta municipal,Alto Paraná Juan E O'Leary,12,1,6,5,1,0
Junta municipal,Alto Paraná Juan E O'Leary,12,2,6,5,1
Junta municipal,Alto Paraná Juan E O'Leary,12,3,5,7
Junta municipal,Alto Paraná Los Cedrales,12,1,7,2,1,1,1,0,0
Junta municipal,Alto Paraná Los Cedrales,12,2,7,2,1,1,1,0
Junta municipal,Alto Paraná Los Cedrales,12,3,7,2,1,1,1
Junta municipal,Alto Paraná Los Cedrales,12,4,6,2,1,3
Junta municipal,Alto Paraná Los Cedrales,12,5,6,2,4
Junta municipal,Alto Paraná Los Cedrales,12,6,6,6
Junta municipal,Alto Paraná Mbaracayú,12,1,7,4,1,0,0,0
Junta municipal,Alto Paraná Mbaracayú,12,2,7,4,1,0,0
Junta municipal,Alto Paraná Mbaracayú,12,3,7,4,0,1
Junta municipal,Alto Paraná Mbaracayú,12,4,6,4,2
Junta municipal,Alto Paraná Mbaracayú,12,5,6,6
Junta municipal,Alto Paraná Minga Guazú,12,1,8,4,0,0,0,0,0,0,0
Junta municipal,Alto Paraná Minga Guazú,12,2,8,4,0,0,0,0,0,0
Junta municipal,Alto Paraná Minga Guazú,12,3,8,4,0,0,0,0,0
Junta municipal,Alto Paraná Minga Guazú,12,4,8,3,0,0,0,1
Junta municipal,Alto Paraná Minga Guazú,12,5,8,3,0,0,1
Junta municipal,Alto Paraná Minga Guazú,12,6,7,3,0,2
Junta municipal,Alto Paraná Minga Guazú,12,7,7,3,2
Junta municipal,Alto Paraná Minga Guazú,12,8,6,6
Junta municipal,Alto Paraná Minga Pora,12,1,4,3,2,1,1,1,0,0,0
Junta municipal,Alto Paraná Minga Pora,12,2,4,3,2,1,1,1,0,0
Junta municipal,Alto Paraná Minga Pora,12,3,4,3,1,1,1,1,1
Junta municipal,Alto Paraná Minga Pora,12,4,4,3,1,1,1,2
Junta municipal,Alto Paraná Minga Pora,12,5,4,3,1,1,3
Junta municipal,Alto Paraná Minga Pora,12,6,4,3,1,4
Junta municipal,Alto Paraná Minga Pora,12,7,4,2,6
Junta municipal,Alto Paraná Minga Pora,12,8,3,9
Junta municipal,Alto Paraná Naranjal,9,1,7,2,0,0
Junta municipal,Alto Paraná Naranjal,9,2,6,2,1
Junta municipal,Alto Paraná Naranjal,9,3,6,3
Junta municipal,Alto Paraná Ñacunday,12,1,4,3,3,2
Junta municipal,Alto Paraná Ñacunday,12,2,3,3,6
Junta municipal,Alto Paraná Ñacunday,12,3,3,9
Junta municipal,Alto Paraná Presidente Franco,12,1,6,4,1,1,0,0,0,0,0
Junta municipal,Alto Paraná Presidente Franco,12,2,6,4,1,1,0,0,0,0
Junta municipal,Alto Paraná Presidente Franco,12,3,6,4,1,0,0,0,1
Junta municipal,Alto Paraná Presidente Franco,12,4,5,4,1,0,0,2
Junta municipal,Alto Paraná Presidente Franco,12,5,5,4,1,0,2
Junta municipal,Alto Paraná Presidente Franco,12,6,5,4,0,3
Junta municipal,Alto Paraná Presidente Franco,12,7,5,3,4
Junta municipal,Alto Paraná Presidente Franco,12,8,5,7
Junta municipal,Alto Paraná San Alberto,12,1,7,4,1,0,0,0,0,0,0,0,0
Junta municipal,Alto Paraná San Alberto,12,2,7,4,1,0,0,0,0,0,0,0
Junta municipal,Alto Paraná San Alberto,12,3,6,4,1,0,0,0,0,0,1
Junta municipal,Alto Paraná San Alberto,12,4,6,4,1,0,0,0,0,1
Junta municipal,Alto Paraná San Alberto,12,5,6,3,1,0,0,0,2
Junta municipal,Alto Paraná San Alberto,12,6,6,3,1,0,0,2
Junta municipal,Alto Paraná San Alberto,12,7,6,3,0,0,3
Junta municipal,Alto Paraná San Alberto,12,8,5,3,0,4
Junta municipal,Alto Paraná San Alberto,12,9,5,3,4
Junta municipal,Alto Paraná San Alberto,12,10,5,7
Junta municipal,Alto Paraná San Cristóbal,12,1,5,3,3,1
Junta municipal,Alto Paraná San Cristóbal,12,2,5,3,4
Junta municipal,Alto Paraná San Cristóbal,12,3,5,7
Junta municipal,Alto Paraná Santa Fe del Paraná,12,1,6,5,1,0
Junta municipal,Alto Paraná Santa Fe del Paraná,12,2,6,5,1
Junta municipal,Alto Paraná Santa Fe del Paraná,12,3,5,7
Junta municipal,Alto Paraná Santa Rita,12,1,5,3,2,2,0,0
Junta municipal,Alto Paraná Santa Rita,12,2,5,3,2,2,0
Junta municipal,Alto Paraná Santa Rita,12,3,5,3,2,2
Junta municipal,Alto Paraná Santa Rita,12,4,5,2,5
Junta municipal,Alto Paraná Santa Rita,12,5,5,7
Junta municipal,Alto Paraná Santa Rosa del Monday,12,1,11,1,0
Junta municipal,Alto Paraná Santa Rosa del Monday,12,2,10,2
Junta municipal,Alto Paraná Tavapy,9,1,5,4,0,0,0,0,0
Junta municipal,Alto Paraná Tavapy,9,2,5,4,0,0,0,0
Junta municipal,Alto Paraná Tavapy,9,3,5,4,0,0,0
Junta municipal,Alto Paraná Tavapy,9,4,5,3,0,1
Junta municipal,Alto Paraná Tavapy,9,5,5,3,1
Junta municipal,Alto Paraná Tavapy,9,6,4,5
Junta municipal,Alto Paraná Yguazú,12,1,8,2,1,1,0,0,0
Junta municipal,Alto Paraná Yguazú,12,2,8,2,1,1,0,0
Junta municipal,Alto Paraná Yguazú,12,3,7,2,1,1,1
Junta municipal,Alto Paraná Yguazú,12,4,7,2,1,2
Junta municipal,Alto Paraná Yguazú,12,5,6,2,4
Junta municipal,Alto Paraná Yguazú,12,6,6,6
Junta municipal,Central Areguá,12,1,7,4,1,0,0,0,0,0,0,0
Junta municipal,Central Areguá,12,2,7,4,1,0,0,0,0,0,0
Junta municipal,Central Areguá,12,3,7,4,1,0,0,0,0,0
Junta municipal,Central Areguá,12,4,7,4,1,0,0,0,0
Junta municipal,Central Areguá,12,5,6,4,1,0,0,1
Junta municipal,Central Areguá,12,6,6,4,1,0,1
Junta municipal,Central Areguá,12,7,5,4,1,2
Junta municipal,Central Areguá,12,8,5,4,3
Junta municipal,Central Areguá,12,9,5,7
Junta municipal,Central Capiatá,12,1,7,5,0,0,0,0,0,0,0
Junta municipal,Central Capiatá,12,2,7,5,0,0,0,0,0,0
Junta municipal,Central Capiatá,12,3,7,5,0,0,0,0,0
Junta municipal,Central Capiatá,12,4,7,5,0,0,0,0
Junta municipal,Central Capiatá,12,5,7,4,0,0,1
Junta municipal,Central Capiatá,12,6,7,4,0,1
Junta municipal,Central Capiatá,12,7,6,4,2
Junta municipal,Central Capiatá,12,8,6,6
Junta municipal,Central Fernando de la Mora,12,1,6,6,0,0,0,0,0
Junta municipal,Central Fernando de la Mora,12,2,6,6,0,0,0,0
Junta municipal,Central Fernando de la Mora,12,3,6,5,0,0,1
Junta municipal,Central Fernando de la Mora,12,4,5,5,0,2
Junta municipal,Central Fernando de la Mora,12,5,5,5,2
Junta municipal,Central Fernando de la Mora,12,6,5,7
Junta municipal,Central Guarambaré,12,1,6,3,1,1,1,0,0
Junta municipal,Central Guarambaré,12,2,6,2,1,1,1,1
Junta municipal,Central Guarambaré,12,3,6,2,1,1,2
Junta municipal,Central Guarambaré,12,4,6,2,1,3
Junta municipal,Central Guarambaré,12,5,6,2,4
Junta municipal,Central Guarambaré,12,6,5,7
Junta municipal,Central Itá,12,1,6,6,0,0,0,0,0
Junta municipal,Central Itá,12,2,6,6,0,0,0,0
Junta municipal,Central Itá,12,3,6,6,0,0,0
Junta municipal,Central Itá,12,4,6,6,0,0
Junta municipal,Central Itá,12,5,6,5,1
Junta municipal,Central Itá,12,6,6,6
Junta municipal,Central Itauguá,12,1,7,5,0,0,0,0,0,0
Junta municipal,Central Itauguá,12,2,7,5,0,0,0,0,0
Junta municipal,Central Itauguá,12,3,7,5,0,0,0,0
Junta municipal,Central Itauguá,12,4,7,5,0,0,0
Junta municipal,Central Itauguá,12,5,6,5,0,1
Junta municipal,Central Itauguá,12,6,6,4,2
Junta municipal,Central Itauguá,12,7,6,6
Junta municipal,Central J Augusto Saldívar,12,1,8,4,0,0,0,0,0,0
Junta municipal,Central J Augusto Saldívar,12,2,8,4,0,0,0,0,0
Junta municipal,Central J Augusto Saldívar,12,3,8,4,0,0,0,0
Junta municipal,Central J Augusto Saldívar,12,4,7,4,0,0,1
Junta municipal,Central J Augusto Saldívar,12,5,7,4,0,1
Junta municipal,Central J Augusto Saldívar,12,6,7,3,2
Junta municipal,Central J Augusto Saldívar,12,7,6,6
Junta municipal,Central Lambaré,12,1,6,4,1,1,0,0,0,0,0,0,0,0,0,0
Junta municipal,Central Lambaré,12,2,6,4,1,1,0,0,0,0,0,0,0,0,0
Junta municipal,Central Lambaré,12,3,6,4,1,1,0,0,0,0,0,0,0,0
Junta municipal,Central Lambaré,12,4,6,4,1,1,0,0,0,0,0,0,0
Junta municipal,Central Lambaré,12,5,6,4,1,1,0,0,0,0,0,0
Junta municipal,Central Lambaré,12,6,5,4,1,1,0,0,0,0,1
Junta municipal,Central Lambaré,12,7,5,4,1,1,0,0,0,1
Junta municipal,Central Lambaré,12,8,5,3,1,1,0,0,2
Junta municipal,Central Lambaré,12,9,5,3,1,1,0,2
Junta municipal,Central Lambaré,12,10,4,3,1,1,3
Junta municipal,Central Lambaré,12,11,4,3,1,4
Junta municipal,Central Lambaré,12,12,4,3,5
Junta municipal,Central Lambaré,12,13,4,8
Junta municipal,Central Limpio,12,1,6,5,1,0,0,0,0
Junta municipal,Central Limpio,12,2,6,5,1,0,0,0
Junta municipal,Central Limpio,12,3,6,5,0,0,1
Junta municipal,Central Limpio,12,4,5,5,0,2
Junta municipal,Central Limpio,12,5,5,5,2
Junta municipal,Central Limpio,12,6,5,7
Junta municipal,Central Luque,12,1,6,6,0,0,0,0,0,0,0,0,0,0
Junta municipal,Central Luque,12,2,6,6,0,0,0,0,0,0,0,0,0
Junta municipal,Central Luque,12,3,6,6,0,0,0,0,0,0,0,0
Junta municipal,Central Luque,12,4,6,6,0,0,0,0,0,0,0
Junta municipal,Central Luque,12,5,6,6,0,0,0,0,0,0
Junta municipal,Central Luque,12,6,6,5,0,0,0,0,1
Junta municipal,Central Luque,12,7,6,5,0,0,0,1
Junta municipal,Central Luque,12,8,5,5,0,0,2
Junta municipal,Central Luque,12,9,5,5,0,2
Junta municipal,Central Luque,12,10,5,5,2
Junta municipal,Central Luque,12,11,5,7
Junta municipal,Central Mariano R Alonso,12,1,5,4,2,1,0,0,0,0,0,0,0
Junta municipal,Central Mariano R Alonso,12,2,5,4,2,1,0,0,0,0,0,0
Junta municipal,Central Mariano R Alonso,12,3,5,4,2,1,0,0,0,0,0
Junta municipal,Central Mariano R Alonso,12,4,5,4,2,1,0,0,0,0
Junta municipal,Central Mariano R Alonso,12,5,5,4,2,1,0,0,0
Junta municipal,Central Mariano R Alonso,12,6,4,4,2,1,0,1
Junta municipal,Central Mariano R Alonso,12,7,4,4,2,1,1
Junta municipal,Central Mariano R Alonso,12,8,4,4,1,3
Junta municipal,Central Mariano R Alonso,12,9,4,4,4
Junta municipal,Central Mariano R Alonso,12,10,4,8
Junta municipal,Central Nueva Italia,9,1,5,4,0,0
Junta municipal,Central Nueva Italia,9,2,5,4,0
Junta municipal,Central Nueva Italia,9,3,4,5
Junta municipal,Central Ñemby,12,1,6,4,2,0,0,0,0,0,0,0,0,0,0,0
Junta municipal,Central Ñemby,12,2,6,4,2,0,0,0,0,0,0,0,0,0,0
Junta municipal,Central Ñemby,12,3,6,4,2,0,0,0,0,0,0,0,0,0
Junta municipal,Central Ñemby,12,4,6,4,2,0,0,0,0,0,0,0,0
Junta municipal,Central Ñemby,12,5,6,4,2,0,0,0,0,0,0,0
Junta municipal,Central Ñemby,12,6,6,4,2,0,0,0,0,0,0
Junta municipal,Central Ñemby,12,7,6,4,1,0,0,0,0,1
Junta municipal,Central Ñemby,12,8,6,4,1,0,0,0,1
Junta municipal,Central Ñemby,12,9,6,4,1,0,0,1
Junta municipal,Central Ñemby,12,10,5,4,1,0,2
Junta municipal,Central Ñemby,12,11,5,4,1,2
Junta municipal,Central Ñemby,12,12,5,3,4
Junta municipal,Central Ñemby,12,13,5,7
Junta municipal,Central San Antonio,12,1,6,3,2,1,0,0,0,0
Junta municipal,Central San Antonio,12,2,6,3,2,1,0,0,0
Junta municipal,Central San Antonio,12,3,6,3,2,0,0,1
Junta municipal,Central San Antonio,12,4,6,3,2,0,1
Junta municipal,Central San Antonio,12,5,6,2,2,2
Junta municipal,Central San Antonio,12,6,6,2,4
Junta municipal,Central San Antonio,12,7,5,7
Junta municipal,Central San Lorenzo,12,1,6,4,1,1,0,0,0,0,0,0,0,0
Junta municipal,Central San Lorenzo,12,2,6,4,1,1,0,0,0,0,0,0,0
Junta municipal,Central San Lorenzo,12,3,6,4,1,1,0,0,0,0,0,0
Junta municipal,Central San Lorenzo,12,4,6,4,1,1,0,0,0,0,0
Junta municipal,Central San Lorenzo,12,5,6,4,1,0,0,0,0,1
Junta municipal,Central San Lorenzo,12,6,6,4,1,0,0,0,1
Junta municipal,Central San Lorenzo,12,7,5,4,1,0,0,2
Junta municipal,Central San Lorenzo,12,8,5,4,1,0,2
Junta municipal,Central San Lorenzo,12,9,5,3,1,3
Junta municipal,Central San Lorenzo,12,10,5,3,4
Junta municipal,Central San Lorenzo,12,11,4,8
Junta municipal,Central Villa Elisa,12,1,6,6,0,0,0,0,0,0,0,0
Junta municipal,Central Villa Elisa,12,2,6,6,0,0,0,0,0,0,0
Junta municipal,Central Villa Elisa,12,3,6,6,0,0,0,0,0,0
Junta municipal,Central Villa Elisa,12,4,6,6,0,0,0,0,0
Junta municipal,Central Villa Elisa,12,5,6,5,0,0,0,1
Junta municipal,Central Villa Elisa,12,6,6,5,0,0,1
Junta municipal,Central Villa Elisa,12,7,6,5,0,1
Junta municipal,Central Villa Elisa,12,8,5,5,2
Junta municipal,Central Villa Elisa,12,9,5,7
Junta municipal,Central Villeta,12,1,6,4,1,1,0,0,0,0,0,0,0
Junta municipal,Central Villeta,12,2,6,4,1,1,0,0,0,0,0,0
Junta municipal,Central Villeta,12,3,6,4,1,1,0,0,0,0,0
Junta municipal,Central Villeta,12,4,6,4,1,1,0,0,0,0
Junta municipal,Central Villeta,12,5,5,4,1,1,0,0,1
Junta municipal,Central Villeta,12,6,5,4,1,1,0,1
Junta municipal,Central Villeta,12,7,5,4,1,0,2
Junta municipal,Central Villeta,12,8,5,4,1,2
Junta municipal,Central Villeta,12,9,4,4,4
Junta municipal,Central Villeta,12,10,4,8
Junta municipal,Central Ypacaraí,12,1,6,5,1,0,0
Junta municipal,Central Ypacaraí,12,2,5,5,1,1
Junta municipal,Central Ypacaraí,12,3,5,5,2
Junta municipal,Central Ypacaraí,12,4,5,7
Junta municipal,Central Ypané,12,1,6,6,0,0,0,0,0,0,0
Junta municipal,Central Ypané,12,2,6,6,0,0,0,0,0,0
Junta municipal,Central Ypané,12,3,6,6,0,0,0,0,0
Junta municipal,Central Ypané,12,4,6,6,0,0,0,0
Junta municipal,Central Ypané,12,5,6,5,0,0,1
Junta municipal,Central Ypané,12,6,6,5,0,1
Junta municipal,Central Ypané,12,7,5,5,2
Junta municipal,Central Ypané,12,8,5,7
Junta municipal,Ñeembucú Pilar,12,1,7,5,0,0,0,0,0,0
Junta municipal,Ñeembucú Pilar,12,2,7,5,0,0,0,0,0
Junta municipal,Ñeembucú Pilar,12,3,7,4,0,0,0,1
Junta municipal,Ñeembucú Pilar,12,4,6,4,0,0,2
Junta municipal,Ñeembucú Pilar,12,5,6,4,0,2
Junta municipal,Ñeembucú Pilar,12,6,5,4,3
Junta municipal,Ñeembucú Pilar,12,7,5,7
Junta municipal,Ñeembucú Alberdi,9,1,7,2,0
Junta municipal,Ñeembucú Alberdi,9,2,7,2
Junta municipal,Ñeembucú Cerrito,12,1,7,4,1
Junta municipal,Ñeembucú Cerrito,12,2,6,6
Junta municipal,Ñeembucú Desmochados,9,1,9,0
Junta municipal,Ñeembucú Gral José E Díaz,12,1,7,3,2,0
Junta municipal,Ñeembucú Gral José E Díaz,12,2,7,3,2
Junta municipal,Ñeembucú Gral José E Díaz,12,3,7,5
Junta municipal,Ñeembucú Guazú Cuá,9,1,6,3
Junta municipal,Ñeembucú Humaitá,12,1,7,5
Junta municipal,Ñeembucú Isla Umbú,12,1,8,4
Junta municipal,Ñeembucú Laureles,9,1,5,4,0,0
Junta municipal,Ñeembucú Laureles,9,2,5,4,0
Junta municipal,Ñeembucú Laureles,9,3,5,4
Junta municipal,Ñeembucú Mayor J Martínez,12,1,6,4,1,1
Junta municipal,Ñeembucú Mayor J Martínez,12,2,5,4,3
Junta municipal,Ñeembucú Mayor J Martínez,12,3,5,7
Junta municipal,Ñeembucú Paso de Patria,9,1,6,3,0
Junta municipal,Ñeembucú Paso de Patria,9,2,5,4
Junta municipal,Ñeembucú San Juan Bautista,9,1,5,4,0
Junta municipal,Ñeembucú San Juan Bautista,9,2,4,5
Junta municipal,Ñeembucú Tacuaras,9,1,5,2,1,1
Junta municipal,Ñeembucú Tacuaras,9,2,5,2,2
Junta municipal,Ñeembucú Tacuaras,9,3,5,4
Junta municipal,Ñeembucú Villa Franca,9,1,6,3,0
Junta municipal,Ñeembucú Villa Franca,9,2,6,3
Junta municipal,Ñeembucú Villa Oliva,9,1,5,4,0
Junta municipal,Ñeembucú Villa Oliva,9,2,4,5
Junta municipal,Ñeembucú Villalbín,12,1,7,4,1
Junta municipal,Ñeembucú Villalbín,12,2,7,5
Junta municipal,Amambay Pedro J Caballero,12,1,7,4,1,0,0,0,0,0,0
Junta municipal,Amambay Pedro J Caballero,12,2,7,4,1,0,0,0,0,0
Junta municipal,Amambay Pedro J Caballero,12,3,7,4,1,0,0,0,0
Junta municipal,Amambay Pedro J Caballero,12,4,6,4,1,0,0,1
Junta municipal,Amambay Pedro J Caballero,12,5,6,4,1,0,1
Junta municipal,Amambay Pedro J Caballero,12,6,6,4,1,1
Junta municipal,Amambay Pedro J Caballero,12,7,6,3,3
Junta municipal,Amambay Pedro J Caballero,12,8,6,6
Junta municipal,Amambay Bella Vista,12,1,6,4,2
Junta municipal,Amambay Bella Vista,12,2,6,6
Junta municipal,Amambay Capitán Bado,12,1,7,4,1,0
Junta municipal,Amambay Capitán Bado,12,2,7,4,1
Junta municipal,Amambay Capitán Bado,12,3,7,5
Junta municipal,Amambay Zanja Pyta,9,1,5,4,0
Junta municipal,Amambay Zanja Pyta,9,2,5,4
Junta municipal,Amambay Karapai,9,1,5,4,0
Junta municipal,Amambay Karapai,9,2,5,4
Junta municipal,Canindeyú Salto del Guiará,12,1,7,2,1,1,1,0,0,0,0,0,0,0,0
Junta municipal,Canindeyú Salto del Guiará,12,2,7,2,1,1,0,0,0,0,0,0,0,1
Junta municipal,Canindeyú Salto del Guiará,12,3,7,2,1,1,0,0,0,0,0,0,1
Junta municipal,Canindeyú Salto del Guiará,12,4,6,2,1,1,0,0,0,0,0,2
Junta municipal,Canindeyú Salto del Guiará,12,5,6,2,1,1,0,0,0,0,2
Junta municipal,Canindeyú Salto del Guiará,12,6,5,2,1,1,0,0,0,3
Junta municipal,Canindeyú Salto del Guiará,12,7,5,2,1,1,0,0,3
Junta municipal,Canindeyú Salto del Guiará,12,8,5,1,1,1,0,4
Junta municipal,Canindeyú Salto del Guiará,12,9,5,1,1,1,4
Junta municipal,Canindeyú Salto del Guiará,12,10,5,1,1,5
Junta municipal,Canindeyú Salto del Guiará,12,11,4,1,7
Junta municipal,Canindeyú Salto del Guiará,12,12,4,8
Junta municipal,Canindeyú Corpus Christi,12,1,8,3,1,0,0
Junta municipal,Canindeyú Corpus Christi,12,2,8,2,1,1
Junta municipal,Canindeyú Corpus Christi,12,3,7,2,3
Junta municipal,Canindeyú Corpus Christi,12,4,7,5
Junta municipal,Canindeyú Francisco Caballero Álvarez,12,1,6,3,3,0,0
Junta municipal,Canindeyú Francisco Caballero Álvarez,12,2,6,3,3,0
Junta municipal,Canindeyú Francisco Caballero Álvarez,12,3,6,3,3
Junta municipal,Canindeyú Francisco Caballero Álvarez,12,4,6,6
Junta municipal,Canindeyú Itanara,9,1,6,2,1
Junta municipal,Canindeyú Itanara,9,2,5,4
Junta municipal,Canindeyú Katueté,12,1,6,3,1,1,1,0,0,0,0
Junta municipal,Canindeyú Katueté,12,2,6,3,1,1,1,0,0,0
Junta municipal,Canindeyú Katueté,12,3,5,3,1,1,1,0,1
Junta municipal,Canindeyú Katueté,12,4,5,3,1,1,1,1
Junta municipal,Canindeyú Katueté,12,5,5,3,1,1,2
Junta municipal,Canindeyú Katueté,12,6,5,3,1,3
Junta municipal,Canindeyú Katueté,12,7,4,3,5
Junta municipal,Canindeyú Katueté,12,8,4,8
Junta municipal,Canindeyú La Paloma,12,1,9,2,1
Junta municipal,Canindeyú La Paloma,12,2,9,3
Junta municipal,Canindeyú Nueva Esperanza,12,1,6,2,2,1,1,0,0,0,0,0
Junta municipal,Canindeyú Nueva Esperanza,12,2,6,2,2,1,1,0,0,0,0
Junta municipal,Canindeyú Nueva Esperanza,12,3,6,2,2,1,1,0,0,0
Junta municipal,Canindeyú Nueva Esperanza,12,4,6,2,1,1,1,0,1
Junta municipal,Canindeyú Nueva Esperanza,12,5,5,2,1,1,1,2
Junta municipal,Canindeyú Nueva Esperanza,12,6,5,2,1,1,3
Junta municipal,Canindeyú Nueva Esperanza,12,7,5,1,1,5
Junta municipal,Canindeyú Nueva Esperanza,12,8,5,1,6
Junta municipal,Canindeyú Nueva Esperanza,12,9,4,8
Junta municipal,Canindeyú San Isidro Curuguaty,12,1,7,4,1,0,0,0,0
Junta municipal,Canindeyú San Isidro Curuguaty,12,2,7,4,1,0,0,0
Junta municipal,Canindeyú San Isidro Curuguaty,12,3,7,4,1,0,0
Junta municipal,Canindeyú San Isidro Curuguaty,12,4,7,4,1,0
Junta municipal,Canindeyú San Isidro Curuguaty,12,5,7,3,2
Junta municipal,Canindeyú San Isidro Curuguaty,12,6,7,5
Junta municipal,Canindeyú Villa Ygatimí,9,1,5,3,1,0,0
Junta municipal,Canindeyú Villa Ygatimí,9,2,4,3,1,1
Junta municipal,Canindeyú Villa Ygatimí,9,3,4,3,2
Junta municipal,Canindeyú Villa Ygatimí,9,4,4,5
Junta municipal,Canindeyú Yasy Cañy,9,1,5,3,1,0,0
Junta municipal,Canindeyú Yasy Cañy,9,2,5,3,1,0
Junta municipal,Canindeyú Yasy Cañy,9,3,4,3,2
Junta municipal,Canindeyú Yasy Cañy,9,4,4,5
Junta municipal,Canindeyú Ype Jhu,9,1,3,2,2,2
Junta municipal,Canindeyú Ype Jhu,9,2,3,2,4
Junta municipal,Canindeyú Ype Jhu,9,3,3,6
Junta municipal,Canindeyú Ybyrarovana,9,1,7,1,1,0,0
Junta municipal,Canindeyú Ybyrarovana,9,2,7,1,1,0
Junta municipal,Canindeyú Ybyrarovana,9,3,7,1,1
Junta municipal,Canindeyú Ybyrarovana,9,4,7,2
Junta municipal,Canindeyú Yby Pyta,9,1,5,4,0,0,0,0,0
Junta municipal,Canindeyú Yby Pyta,9,2,5,4,0,0,0,0
Junta municipal,Canindeyú Yby Pyta,9,3,5,4,0,0,0
Junta municipal,Canindeyú Yby Pyta,9,4,5,4,0,0
Junta municipal,Canindeyú Yby Pyta,9,5,4,4,1
Junta municipal,Canindeyú Yby Pyta,9,6,4,5
Junta municipal,Pdte. Hayes Villa Hayes,12,1,4,4,1,1,1,1,0,0,0,0,0,0,0,0,0,0,0,0,0,0,0,0,0,0
Junta municipal,Pdte. Hayes Villa Hayes,12,2,4,4,1,1,1,1,0,0,0,0,0,0,0,0,0,0,0,0,0,0,0,0,0
Junta municipal,Pdte. Hayes Villa Hayes,12,3,4,4,1,1,1,1,0,0,0,0,0,0,0,0,0,0,0,0,0,0,0,0
Junta municipal,Pdte. Hayes Villa Hayes,12,4,4,4,1,1,1,0,0,0,0,0,0,0,0,0,0,0,0,0,0,0,1
Junta municipal,Pdte. Hayes Villa Hayes,12,5,4,4,1,1,1,0,0,0,0,0,0,0,0,0,0,0,0,0,0,1
Junta municipal,Pdte. Hayes Villa Hayes,12,6,4,4,1,1,1,0,0,0,0,0,0,0,0,0,0,0,0,0,1
Junta municipal,Pdte. Hayes Villa Hayes,12,7,4,4,1,1,0,0,0,0,0,0,0,0,0,0,0,0,0,2
Junta municipal,Pdte. Hayes Villa Hayes,12,8,4,4,1,1,0,0,0,0,0,0,0,0,0,0,0,0,2
Junta municipal,Pdte. Hayes Villa Hayes,12,9,4,4,1,0,0,0,0,0,0,0,0,0,0,0,0,3
Junta municipal,Pdte. Hayes Villa Hayes,12,10,4,4,1,0,0,0,0,0,0,0,0,0,0,0,3
Junta municipal,Pdte. Hayes Villa Hayes,12,11,4,4,0,0,0,0,0,0,0,0,0,0,0,4
Junta municipal,Pdte. Hayes Villa Hayes,12,12,4,3,0,0,0,0,0,0,0,0,0,0,5
Junta municipal,Pdte. Hayes Villa Hayes,12,13,4,3,0,0,0,0,0,0,0,0,0,5
Junta municipal,Pdte. Hayes Villa Hayes,12,14,3,3,0,0,0,0,0,0,0,0,6
Junta municipal,Pdte. Hayes Villa Hayes,12,15,3,3,0,0,0,0,0,0,0,6
Junta municipal,Pdte. Hayes Villa Hayes,12,16,3,3,0,0,0,0,0,0,6
Junta municipal,Pdte. Hayes Villa Hayes,12,17,3,3,0,0,0,0,0,6
Junta municipal,Pdte. Hayes Villa Hayes,12,18,3,2,0,0,0,0,7
Junta municipal,Pdte. Hayes Villa Hayes,12,19,3,2,0,0,0,7
Junta municipal,Pdte. Hayes Villa Hayes,12,20,2,2,0,0,8
Junta municipal,Pdte. Hayes Villa Hayes,12,21,2,2,0,8
Junta municipal,Pdte. Hayes Villa Hayes,12,22,2,2,8
Junta municipal,Pdte. Hayes Villa Hayes,12,23,2,10
Junta municipal,Pdte. Hayes Benjamín Aceval,12,1,4,3,2,1,1,1,0,0,0,0,0,0,0,0,0,0,0,0
Junta municipal,Pdte. Hayes Benjamín Aceval,12,2,4,3,2,1,1,1,0,0,0,0,0,0,0,0,0,0,0
Junta municipal,Pdte. Hayes Benjamín Aceval,12,3,4,3,2,1,1,1,0,0,0,0,0,0,0,0,0,0
Junta municipal,Pdte. Hayes Benjamín Aceval,12,4,3,3,2,1,1,1,0,0,0,0,0,0,0,0,1
Junta municipal,Pdte. Hayes Benjamín Aceval,12,5,3,3,2,1,1,1,0,0,0,0,0,0,0,1
Junta municipal,Pdte. Hayes Benjamín Aceval,12,6,3,3,1,1,1,1,0,0,0,0,0,0,2
Junta municipal,Pdte. Hayes Benjamín Aceval,12,7,3,3,1,1,1,1,0,0,0,0,0,2
Junta municipal,Pdte. Hayes Benjamín Aceval,12,8,3,3,1,1,1,1,0,0,0,0,2
Junta municipal,Pdte. Hayes Benjamín Aceval,12,9,3,3,1,1,1,0,0,0,0,3
Junta municipal,Pdte. Hayes Benjamín Aceval,12,10,3,3,1,1,1,0,0,0,3
Junta municipal,Pdte. Hayes Benjamín Aceval,12,11,3,2,1,1,1,0,0,4
Junta municipal,Pdte. Hayes Benjamín Aceval,12,12,3,2,1,1,0,0,5
Junta municipal,Pdte. Hayes Benjamín Aceval,12,13,3,2,1,1,0,5
Junta municipal,Pdte. Hayes Benjamín Aceval,12,14,2,2,1,1,6
Junta municipal,Pdte. Hayes Benjamín Aceval,12,15,2,2,1,7
Junta municipal,Pdte. Hayes Benjamín Aceval,12,16,2,2,8
Junta municipal,Pdte. Hayes Benjamín Aceval,12,17,2,10
Junta municipal,Pdte. Hayes Fortín José Falcón,12,1,5,4,2,1
Junta municipal,Pdte. Hayes Fortín José Falcón,12,2,5,4,3
Junta municipal,Pdte. Hayes Fortín José Falcón,12,3,5,7
Junta municipal,Pdte. Hayes Gral José M Bruguéz,9,1,6,2,1
Junta municipal,Pdte. Hayes Gral José M Bruguéz,9,2,6,3
Junta municipal,Pdte. Hayes Nanawa,9,1,3,2,2,2,0
Junta municipal,Pdte. Hayes Nanawa,9,2,3,2,2,2
Junta municipal,Pdte. Hayes Nanawa,9,3,2,2,5
Junta municipal,Pdte. Hayes Nanawa,9,4,2,7
Junta municipal,Pdte. Hayes Puerto Pinasco,12,1,6,6,0
Junta municipal,Pdte. Hayes Puerto Pinasco,12,2,6,6
Junta municipal,Pdte. Hayes Tte Irala Fernández,12,1,7,5,0,0,0
Junta municipal,Pdte. Hayes Tte Irala Fernández,12,2,7,5,0,0
Junta municipal,Pdte. Hayes Tte Irala Fernández,12,3,7,5,0
Junta municipal,Pdte. Hayes Tte Irala Fernández,12,4,7,5
Junta municipal,Pdte. Hayes Tte Esteban Martínez,9,1,4,4,1
Junta municipal,Pdte. Hayes Tte Esteban Martínez,9,2,4,5
Junta municipal,Alto Py. Fuerte Olimpo,12,1,6,3,3
Junta municipal,Alto Py. Fuerte Olimpo,12,2,6,6
Junta municipal,Alto Py. Puerto Casado,12,1,9,1,1,1,0,0,0,0
Junta municipal,Alto Py. Puerto Casado,12,2,9,1,1,1,0,0,0
Junta municipal,Alto Py. Puerto Casado,12,3,8,1,1,1,0,1
Junta municipal,Alto Py. Puerto Casado,12,4,7,1,1,1,2
Junta municipal,Alto Py. Puerto Casado,12,5,7,1,1,3
Junta municipal,Alto Py. Puerto Casado,12,6,7,1,4
Junta municipal,Alto Py. Puerto Casado,12,7,6,6
Junta municipal,Alto Py. Carmelo Peralta,9,1,5,2,1,1
Junta municipal,Alto Py. Carmelo Peralta,9,2,5,2,2
Junta municipal,Alto Py. Carmelo Peralta,9,3,4,5
Junta municipal,Alto Py. Bahía Negra,9,1,5,4
Junta municipal,Boquerón Filadelfia,12,1,9,3,0
Junta municipal,Boquerón Filadelfia,12,2,9,3
Junta municipal,Boquerón Loma Plata,12,1,6,3,2,1,0,0,0
Junta municipal,Boquerón Loma Plata,12,2,6,3,2,1,0,0
Junta municipal,Boquerón Loma Plata,12,3,6,2,2,1,1
Junta municipal,Boquerón Loma Plata,12,4,6,2,2,2
Junta municipal,Boquerón Loma Plata,12,5,6,2,4
Junta municipal,Boquerón Loma Plata,12,6,5,7
Junta municipal,Boquerón Mariscal Estigarribia,12,1,6,6,0
Junta municipal,Boquerón Mariscal Estigarribia,12,2,6,6
